{
    "metadata": {
        "timestamp": "2026-Apr-27-11:53:35"
    },
    "config": {
        "model": {
            "name": "Energy_Model",
            "task": "Regression",
            "dataset": "udse.parquet",
            "target": "EUI"
        },
        "training": {
            "df_rows": 255036,
            "df_columns": 23,
            "frac": 1.0,
            "test_size": 0.2,
            "n_jobs": -1,
            "random_state": 42,
            "shuffle": true
        }
    },
    "hyperparameters": {
        "l2_regularization": 8.485420586212651,
        "learning_rate": 0.047006594771349115,
        "max_iter": 301,
        "max_leaf_nodes": 25,
        "min_samples_leaf": 52
    },
    "metrics": {
        "TRAIN": {
            "Size": 204028,
            "MAE": 14.329711580923712,
            "RMSE": 35.7930941837863,
            "R2": 0.951454022507507
        },
        "TEST": {
            "Size": 51008,
            "MAE": 14.16644396506598,
            "RMSE": 35.202107594142355,
            "R2": 0.9523154911222028
        }
    }
}