{
    "TRAIN": {
        "Size": 204028,
        "MAE": 14.329711580923712,
        "RMSE": 35.7930941837863,
        "R2": 0.951454022507507
    },
    "TEST": {
        "Size": 51008,
        "MAE": 14.16644396506598,
        "RMSE": 35.202107594142355,
        "R2": 0.9523154911222028
    }
}